repo,name,sha,type,size
boysenberry-repo-1,README.md,dbae7e62708b8f5fe7fdc474e4cc27f63cea6a3d,file,1291
boysenberry-repo-1,READTHIS.md,e69de29bb2d1d6434b8b29ae775ad8c2e48c5391,file,0
boysenberry-repo-1,_config.yml,06bbaece1a494835566a68b5032ee3474d92fd65,file,28
git-consortium,LICENSE,37a7d6ca3281f5d13d6a4f01e3fb759d9edbdc7f,file,1077
git-consortium,README.md,5687f2709fad262d3050e3f69b7e8fff67f7f4e2,file,306
git-consortium,product-backlog.md,1cb3fa158ca4fb160f404b57a71e58126762fc90,file,13031
Spoon-Knife,README.md,f4790267d0d362a90d6799759ece092616c40779,file,780
Spoon-Knife,index.html,a83618bcf17b4e8e643de75d09adc0e892043020,file,355
Spoon-Knife,styles.css,9b8528455cf79bca41ac100bcb531fcbf580985e,file,256
Hello-World,README,980a0d5f19a64b4b30a87d4206aade58726b60e3,file,13
test-repo1,2015-04-12-test-post-last-year.md,5f5e9946cf1746a46d9f26414fae474f3a28f318,file,171
test-repo1,2016-02-24-first-post.md,1817ecb005d3d42483a2b634d6a578d6631d2ae3,file,287
test-repo1,2016-02-26-sample-post-jekyll.md,1e2a8d87c26e8c51312747f7255fcd7c434f23e6,file,1041
octocat.github.io,CNAME,4c4ed1065f62cdb0a10e731b795ed8fb834b3be8,file,17
octocat.github.io,images,904b56dc3a0acd2c362e92e63f7844473f2e6acc,dir,0
octocat.github.io,index.html,b0a15e372034a04532e8587ff1abedb0a82873cc,file,3983
octocat.github.io,javascripts,b5484ac6806b1cc2899a9f615e9439a46b850781,dir,0
octocat.github.io,params.json,585689f04524c24cb21104098e5c425937a83c3c,file,2030
octocat.github.io,stylesheets,4dca09ba34aeb88063053ad13bd47a9987cc40fa,dir,0
linguist,.gitattributes,e69de29bb2d1d6434b8b29ae775ad8c2e48c5391,file,0
linguist,.gitignore,c0ab5df0c5f1b1e0a7375ea2e66481676f0a4c4c,file,127
linguist,.gitmodules,b5de73ab20e9e5f61161da29863bae733c3417ba,file,34020
linguist,.travis.yml,cc4b9683cc47c19daed081d68df1261d5a5fdafe,file,327
linguist,CONTRIBUTING.md,638867c5bc210bd7f48655f5a6502b5ed2d2a7b4,file,8008
linguist,Gemfile,9dc1b4dc37fb856c9a48b4f13b3ad39f0e49ce5e,file,103
linguist,LICENSE,ca0844d16cb0e871b26d16a21735aed5a3cb2547,file,1061
linguist,README.md,9addbe68df9f358eb56c605aff9f1352c524ffd9,file,5331
linguist,Rakefile,c385811575e9fefa3324a23f3db52a56872e668f,file,4666
linguist,bin,1f6477cd079c73eb982f364ff59d538c8cab9381,dir,0
linguist,github-linguist.gemspec,10a85f34eed945c535b82044ce5f2a4d100d79df,file,1213
linguist,grammars.yml,0751772f4c4efb3d4374c646427bd128ea068687,file,14858
linguist,lib,3770bfba35c2f73efba447904073fb29fc98d486,dir,0
linguist,package.json,827997e5c115d1b9a73667892409b76ac86e0165,file,124
linguist,samples,08061390a95b9d54c7c1fd25fb9a1ca1c10316cf,dir,0
linguist,script,200b29f0ff0718756e923d47808aae3f95a127fe,dir,0
linguist,test,12bae7efdc9dadc6d37b1e514d0dac61a6504757,dir,0
linguist,vendor,79cb13ffce559fd788431a37b620fa8964c9a1e7,dir,0
hello-worId,README.md,34a74ca5a72358b1fdf42ad5f5f56d3e2f6b7902,file,56
